{"times":[0,8,0,1,1,9,12,24,6,8,3,183,82,274,629,2218,202,302,1739,1223,1245,994,638,1179,755,909,1716,1446,1045,182,1069,51,81,955,1675,1155,424,1077,782,614,1952,1468,1192,327,1631,699,120,2067,25,1152,916,868,1129,2028,1085,1571,213,80,1576,1071,102,661,376,940,3732,565,528,6786,757,1829,1110,1979,95,1765,1771,414,1261,90,1067,27,751,1605,11,1306,138,1115,182,1587,1368,1222,13,967,1090,358,603,1615,171,1535,1188,614,1098,1013,34,44,1127,72,1972,85,300,2113,1126,634,826,416,1136,178,684,2086,1682,1067,199,1284,87,2088,1279,666,199,1553,1322,125,418,1208,1025,332,1220,301,2701,237,559,1265,304,1972,1028,914,1041,872,584,1110,1247,103,1443,410,1636,976,312,1116,290,777,4489,880,1182,1230,1181,1281,222,1031,202,325,7,481,2327,472,349,2804,1231,2219,1074,869,222,1270,1287,1173,71,630,1630,69,692,1099,266,1865,1260,1131,68,17,700,2074,310,4031,2450,920,1762,790,350,1118,1552,575,31,149,1606,1978,544,1206,28,710,4022,1870,879,168,1686,226,5678,1085,1469,1040,1051,679,238,473,2308,724,929,1006,1052,1176,1058,7,240,341,474,1061,1006,217,1033,1161,52,437,649,1622,712,2365],"difficulties":[3,4,5,6,7,8,9,10,11,12,13,14,15,16,17,16,17,18,17,16,15,16,17,16,17,18,17,16,15,16,15,16,17,18,17,16,17,16,17,18,17,16,15,16,15,16,17,16,17,16,17,18,17,16,15,14,15,16,15,14,15,16,17,18,17,18,19,18,19,18,17,16,17,16,15,16,15,16,15,16,17,16,17,16,17,16,17,16,15,14,15,16,15,16,17,16,17,16,15,16,15,14,15,16,15,16,15,16,17,16,15,16,17,18,17,18,19,18,17,16,17,16,17,16,15,16,17,16,15,16,17,16,15,16,15,16,15,16,17,16,17,16,15,16,15,16,17,16,15,16,15,16,15,16,17,16,17,18,17,18,17,16,15,14,15,14,15,16,17,18,17,18,19,18,17,16,15,16,17,16,15,14,15,16,15,16,17,16,17,16,15,14,15,16,17,16,17,16,15,16,15,16,17,16,15,16,17,18,17,16,17,16,17,18,17,16,17,18,17,18,17,16,15,14,13,14,15,16,15,16,17,16,15,14,13,14,15,16,17,16,15,16,15,14,15,16,17,16,17,16],"averages":[0,4,2.6666666666666665,2.25,2,3.1666666666666665,4.428571428571429,6.875,6.777777777777778,6.9,6.545454545454546,21.25,25.923076923076923,43.642857142857146,82.66666666666667,216.125,215.2941176470588,220.11111111111111,300.05263157894734,346.2,389,416.5,426.1304347826087,457.5,469.4,486.3076923076923,531.8518518518518,564.5,581.0689655172414,567.7666666666667,583.9354838709677,567.28125,552.5454545454545,564.3823529411765,596.1142857142858,611.6388888888889,606.5675675675676,618.9473684210526,623.1282051282051,622.9,655.3170731707318,674.6666666666666,686.6976744186046,678.5227272727273,699.6888888888889,699.6739130434783,687.3404255319149,716.0833333333334,701.9795918367347,710.98,715,717.9423076923077,725.6981132075472,749.8148148148148,755.9090909090909,770.4642857142857,760.6842105263158,748.948275862069,762.9661016949152,768.1,757.1803278688525,755.6290322580645,749.6031746031746,752.578125,798.4153846153846,794.8787878787879,790.8955223880597,879.0588235294117,877.2898550724638,890.8857142857142,893.9718309859155,909.0416666666666,897.8904109589041,909.6081081081081,921.0933333333334,914.421052631579,918.922077922078,908.2948717948718,910.3037974683544,899.2625,897.4320987654321,906.060975609756,895.277108433735,900.1666666666666,891.2,893.8023255813954,885.6206896551724,893.5909090909091,898.9213483146067,902.5111111111111,892.7362637362637,893.5434782608696,895.6559139784946,889.936170212766,886.9157894736842,894.5,887.0412371134021,893.6530612244898,896.6262626262626,893.8,895.8217821782179,896.9705882352941,888.5922330097087,880.4711538461538,882.8190476190476,875.1698113207547,885.4205607476636,878.0092592592592,872.7064220183486,883.9818181818182,886.1621621621622,883.9107142857143,883.3982300884956,879.2982456140351,881.5304347826087,875.4655172413793,873.8290598290598,884.1016949152543,890.8067226890756,892.275,886.5454545454545,889.8032786885246,883.2764227642276,892.991935483871,896.08,894.2539682539683,888.7795275590552,893.96875,897.2868217054264,891.3461538461538,887.7328244274809,890.1590909090909,891.172932330827,887,889.4666666666667,885.1397058823529,898.3941605839416,893.6014492753624,891.1942446043165,893.8642857142858,889.6808510638298,897.3028169014085,898.2167832167833,898.3263888888889,899.3103448275862,899.1232876712329,896.9795918367347,898.418918918919,900.7583892617449,895.44,899.066225165563,895.8486842105264,900.6862745098039,901.1753246753246,897.3741935483871,898.775641025641,894.8980891719746,894.1518987341772,916.7610062893082,916.53125,918.1801242236024,920.104938271605,921.7055214723927,923.8963414634146,919.6424242424242,920.3132530120482,916.0119760479042,912.4940476190476,907.1360946745563,904.6294117647059,912.9473684210526,910.3837209302326,907.1387283236994,918.0402298850574,919.8285714285714,927.2102272727273,928.0395480225989,927.7078651685393,923.7653631284916,925.6888888888889,927.6850828729282,929.032967032967,924.344262295082,922.7445652173913,926.5675675675676,921.9569892473119,920.7272727272727,921.6755319148937,918.2063492063492,923.1894736842105,924.9528795811518,926.0260416666666,921.580310880829,916.9175257731958,915.8051282051282,921.7142857142857,918.6091370558376,934.3282828282828,941.9447236180905,941.835,945.9154228855722,945.1435643564356,942.2118226600985,943.0735294117648,946.0439024390244,944.242718446602,939.8309178743962,936.0288461538462,939.2344497607655,944.1809523809524,942.2843601895735,943.5283018867924,939.2300469483569,938.1588785046729,952.5023255813953,956.75,956.3917050691244,952.7752293577981,956.1232876712329,952.8045454545454,974.1855203619909,974.6846846846847,976.9013452914799,977.1830357142857,977.5111111111111,976.1902654867257,972.9383259911895,970.7456140350877,976.5851528384279,975.4869565217391,975.2857142857143,975.4181034482758,975.7467811158798,976.6025641025641,976.9489361702127,972.8389830508474,969.746835443038,967.1050420168067,965.0418410041841,965.4416666666667,965.6099585062241,962.5165289256198,962.8065843621399,963.6188524590164,959.8979591836735,957.7723577235772,956.5222672064777,959.2056451612904,958.2128514056225,963.84]}